<?xml version="1.0" encoding="UTF-8"?>
<project-private xmlns="http://www.netbeans.org/ns/project-private/1">
    <editor-bookmarks xmlns="http://www.netbeans.org/ns/editor-bookmarks/2" lastBookmarkId="0"/>
    <open-files xmlns="http://www.netbeans.org/ns/projectui-open-files/2">
        <group>
            <file>file:/C:/Users/higor/OneDrive/Documents/estudos/6-umc/EngenhariaSorftware/Java/Aula05%20-%20MVC%20DAO/CRUD_WEB_MVC_DAO/CRUD_WEB_MVC_DAO/src/java/controller/ManterProduto.java</file>
            <file>file:/C:/Users/higor/OneDrive/Documents/estudos/6-umc/EngenhariaSorftware/Java/Aula05%20-%20MVC%20DAO/CRUD_WEB_MVC_DAO/CRUD_WEB_MVC_DAO/src/java/dao/ProdutoDAO.java</file>
            <file>file:/C:/Users/higor/OneDrive/Documents/estudos/6-umc/EngenhariaSorftware/Java/Aula05%20-%20MVC%20DAO/CRUD_WEB_MVC_DAO/CRUD_WEB_MVC_DAO/web/resultado.jsp</file>
            <file>file:/C:/Users/higor/OneDrive/Documents/estudos/6-umc/EngenhariaSorftware/Java/Aula05%20-%20MVC%20DAO/CRUD_WEB_MVC_DAO/CRUD_WEB_MVC_DAO/web/index.html</file>
        </group>
    </open-files>
</project-private>
